website_url,Category
https://www.booking.com/index.html?aid=1743217,Articles/Blog/Blog
https://travelsites.com/expedia/,Articles/Blog/Blog
https://travelsites.com/tripadvisor/,Articles/Blog/Blog
https://www.momondo.in/?ispredir=true,Articles/Blog/Blog
https://www.ebookers.com/?AFFCID=EBOOKERS-UK.network.affiliatewindow.85386&awc=7904_1606029543_518c2af76500871f76cadec26f8eb055,Articles/Blog/Blog
https://book.priceline.com/?refid=8431&refclickid=d196c1c3cad4c6e474196ac6815f9652,Articles/Blog/Blog
https://www.trip.com/index?locale=en_us&allianceid=21934&SID=455408&ouid=198c18a52c8911eb811b00ce0a18050d,Articles/Blog/Blog
https://www.orbitz.com/,Articles/Blog/Blog
https://www.travelocity.com/,Articles/Blog/Blog
https://www.hotwire.com/,Articles/Blog/Blog
https://www.otel.com/,Articles/Blog/Blog
https://www.ebookers.com/?AFFCID=EBOOKERS-UK.network.affiliatewindow.85386&awc=7904_1606041576_a3c281bcb3eae0af35b22b076d1074ae,Articles/Blog/Blog
https://www.airbnb.co.in/?locale=en&_set_bev_on_new_domain=1606041642_YjI0OGQ3OWI5MDI2,Articles/Blog/Blog
https://in.lastminute.com/,Articles/Blog/Blog
https://www.onthebeach.co.uk/?Adnetwork=aw&afid=85386&mv_pc=AW&awc=3655_1606041657_3771582e5a1d8da6c1b3321d83f9f0c4&utm_source=AWIN&utm_medium=affiliates&utm_campaign=85386,Articles/Blog/Blog
https://www.kayak.co.in/?ispredir=true,Articles/Blog/Blog
https://www.marriott.com/default.mi?aff=MARWW&affname=10l1110&co=WW&nt=PH,Articles/Blog/Blog
https://www.costcotravel.com/,Articles/Blog/Blog
https://www.hoteltonight.com/,Articles/Blog/Blog
https://hoteltravelclub.com/,Articles/Blog/Blog
https://www.wyndhamhotels.com/en-uk/ramada,Articles/Blog/Blog
https://westin.marriott.com/,Articles/Blog/Blog
https://www.capellahotels.com/en/capella-ubud,Articles/Blog/Blog
http://www.hotelamparo.com/,Articles/Blog/Blog
https://fogoislandinn.ca/,Articles/Blog/Blog
https://www.ritzcarlton.com/en/hotels/indonesia/bali#Hotel,Articles/Blog/Blog
https://secretbay.dm/,Articles/Blog/Blog
https://canaves.com/canaves-oia-epitome/,Articles/Blog/Blog
https://www.sunsetkeycottages.com/,Articles/Blog/Blog
https://www.twinfarms.com/,Articles/Blog/Blog
https://www.pueblobonito.com/resorts/emerald-bay,Articles/Blog/Blog
https://nihi.com/,Articles/Blog/Blog
https://www.viceroyhotelsandresorts.com/los-cabos,Articles/Blog/Blog
https://www.mandarinoriental.com/munich/altstadt/luxury-hotel,Articles/Blog/Blog
https://northblockhotel.com/,Articles/Blog/Blog
https://www.milestonehotel.com/?cjevent=4ec1f2f92cc511eb834e01140a180510,Articles/Blog/Blog
https://www.affordabletours.com/,Articles/Blog/Blog
https://www.totallyspain.com/,Articles/Blog/Blog
https://dreamworldtravel.co.uk/,Articles/Blog/Blog
https://www.joytours.com/,Articles/Blog/Blog
https://njewasafaris.com/,Articles/Blog/Blog
https://www.nepalspiritualtrekking.com/,Articles/Blog/Blog
https://inkaexperience.com/,Articles/Blog/Blog
http://www.peru-travels.com/,Articles/Blog/Blog
https://www.shiptoshoretravelltd.com/,Articles/Blog/Blog
https://www.hnltravel.com/index.html,Articles/Blog/Blog
https://islanddreamsworldtravel.com/,Articles/Blog/Blog
http://www.okeanostravel.com/,Articles/Blog/Blog
https://www.discovermongolia.mn/,Articles/Blog/Blog
https://www.turansa.com/,Articles/Blog/Blog
https://albatros-travel.com/,Articles/Blog/Blog
http://www.kenyadreamholidays.com/,Articles/Blog/Blog
https://fts-travels.com/,Articles/Blog/Blog
http://www.aimadventures.com/,Articles/Blog/Blog
https://www.nbitravel.com/,Articles/Blog/Blog
http://www.justcruisinplus.com/,Articles/Blog/Blog
https://www.dwwatsontravel.com/,Articles/Blog/Blog
http://essentialdownunder.com/,Articles/Blog/Blog
https://www.phuket-trips.com/,Articles/Blog/Blog
http://www.golfholidaysintl.com/,Articles/Blog/Blog
http://www.zentravel.gr/,Articles/Blog/Blog
https://circuitosturquia.com/,Articles/Blog/Blog
http://www.jjbtravel.com/,Articles/Blog/Blog
https://www.ethiousatour.com/,Articles/Blog/Blog
https://agavetravelcreative.com/,Articles/Blog/Blog
https://www.oberoihotels.com/hotels-in-jaipur-rajvilas-resort/?utm_source=affred&utm_medium=aff&utm_campaign=gbl-affmkt&_affclk=ttuk:118609::0::118609::143859c9f626eb0724f38065d097d658::::1606071865:902jip,Articles/Blog/Blog
https://www.jumeirah.com/en/stay/dubai/burj-al-arab-jumeirah,Articles/Blog/Blog
https://tierrahotels.com/patagonia/,Articles/Blog/Blog
https://www.hotelcaferoyal.com/,Articles/Blog/Blog
https://www.ritzparis.com/en-GB,Articles/Blog/Blog
https://www.thehousecollective.com/en/the-middle-house/,Articles/Blog/Blog
https://www.grandhoteltremezzo.com/en/home/,Articles/Blog/Blog
https://www.waldorfastorialoscabospedregal.com/,Articles/Blog/Blog
https://www.andbeyond.com/our-lodges/africa/south-africa/kruger-national-park/ngala-private-game-reserve/andbeyond-ngala-safari-lodge/,Articles/Blog/Blog
https://novotel.accor.com/gb/usa/index.shtml,Articles/Blog/Blog
https://www.delta.com/apac/en,Articles/Blog/Blog
https://www.jal.co.jp/inl/en/,Articles/Blog/Blog
https://www.spicejet.com/,Articles/Blog/Blog
https://www.airnewzealand.co.nz/homepage,Articles/Blog/Blog
https://www.finnair.com/,Articles/Blog/Blog
https://www.britishairways.com/travel/home/public/en_in/,Articles/Blog/Blog
https://www.airvistara.com/in/en,Articles/Blog/Blog
https://www.singaporeair.com/en_UK/in/home#/book/bookflight,Articles/Blog/Blog
https://www.olacabs.com/,Articles/Blog/Blog
https://www.meru.in/,Articles/Blog/Blog
https://www.carzonrent.com/,Articles/Blog/Blog
https://www.bharattaxi.com/,Articles/Blog/Blog
https://www.megacabs.com/,Articles/Blog/Blog
http://www.mytaxiindia.com/,Articles/Blog/Blog
https://www.zoomcar.com/bangalore/,Articles/Blog/Blog
https://www.lyft.com/,Articles/Blog/Blog
https://www.grab.com/sg/transport/taxi/,Articles/Blog/Blog
http://www.bitaksi.com/en/,Articles/Blog/Blog
https://www.avaseakrabi.com/,Articles/Blog/Blog
https://www.fariyas.com/resort-in-lonavala/,Articles/Blog/Blog
https://www.fernhotels.com/,Articles/Blog/Blog
https://www.tajhotels.com/,Articles/Blog/Blog
https://www.montriresort-bangkok.com/,Articles/Blog/Blog
https://www.tridenthotels.com/,Articles/Blog/Blog
https://www.tropicanaalibaug.com/,Articles/Blog/Blog
https://www.anantara.com/en/riverside-bangkok,Articles/Blog/Blog
http://sunbeachresortgorai.com/,Articles/Blog/Blog
https://waterfrontshaw.com/,Articles/Blog/Blog
https://www.alliancehospitality.in/moksh_farms.html,Articles/Blog/Blog
https://www.silenthillsresort.com/,Articles/Blog/Blog
https://www.fubo.tv/lp/StreamTV/?irad=343747&irmp=398453&subId1=streamingservices&subId2=ckhgo1ujg00003r8zaneft7pl,Videos/Photos
https://www.hulu.com/,Videos/Photos
https://tv.youtube.com/,Videos/Photos
https://www.attwatchtv.com/,Videos/Photos
https://www.klowdtv.com/,Videos/Photos
https://corporate.pluto.tv/,Videos/Photos
https://www.xumo.tv/,Videos/Photos
https://www.zee5.com/,Videos/Photos
https://www.netflix.com/in/,Videos/Photos
https://www.bravotv.com,Videos/Photos
https://watch.diynetwork.com/watch/diy,Videos/Photos
https://abc.com,Videos/Photos
https://www.plex.tv,Videos/Photos
https://www.popcornflix.com/pages/discover/d/movies,Videos/Photos
https://www.netflix.com/in/,Videos/Photos
https://www.aetv.com,Videos/Photos
https://www.amebatv.com,Videos/Photos
https://www.ahctv.com,Videos/Photos
https://www.amc.com,Videos/Photos
https://www.cbs.com,Videos/Photos
https://www.contv.com/browse-movie/,Videos/Photos
https://www.epix.com,Videos/Photos
https://www.freeform.com,Videos/Photos
https://www.hmnow.com,Videos/Photos
https://www.here.tv,Videos/Photos
https://www.criterionchannel.com,Videos/Photos
https://upfaithandfamily.com,Videos/Photos
https://tubitv.com,Videos/Photos
https://www.iflix.com,Videos/Photos
https://www.vudu.com,Videos/Photos
https://123moviesfree.net/home,Videos/Photos
https://putlocker-is.org,Videos/Photos
https://www.kanopy.com,Videos/Photos
https://www.apple.com/itunes/,Videos/Photos
https://www.spotify.com/in/,Videos/Photos
https://music.youtube.com,Videos/Photos
https://music.amazon.in,Videos/Photos
https://www.hungama.com,Videos/Photos
https://soundcloud.com,Videos/Photos
https://www.soundclick.com,Videos/Photos
https://www.idagio.com,Videos/Photos
https://tidal.com,Videos/Photos
https://gaana.com,Videos/Photos
https://www.jiosaavn.com,Videos/Photos
https://www.apple.com/in/apple-music/,Videos/Photos
https://www.livexlive.com,Videos/Photos
https://us.napster.com,Videos/Photos
https://www.primephonic.com,Videos/Photos
https://groovesharks.org,Videos/Photos
https://www.murfie.com,Videos/Photos
https://www.anghami.com,Videos/Photos
https://www.epidemicsound.com,Videos/Photos
https://www.last.fm,Videos/Photos
https://blip.fm,Videos/Photos
https://www.jango.com,Videos/Photos
https://www.iheart.com/podcast/,Videos/Photos
https://vimeo.com,Videos/Photos
https://www.twitch.tv,Videos/Photos
https://livestream.com,Videos/Photos
https://www.periscope.tv,Videos/Photos
https://www.dacast.com,Videos/Photos
https://video.ibm.com,Videos/Photos
https://www.shoutcast.com,Videos/Photos
https://www.panopto.com,Videos/Photos
https://streamlabs.com,Videos/Photos
https://corp.kaltura.com,Videos/Photos
https://www.vplayed.com,Videos/Photos
https://dlive.tv,Videos/Photos
https://www.vmix.com,Videos/Photos
http://www.live555.com,Videos/Photos
https://www.facebook.com/formedia/solutions/facebook-live,Videos/Photos
https://clipbucket.com,Videos/Photos
https://www.ventunotech.com,Videos/Photos
https://www.shift72.com,Videos/Photos
https://instagib.tv,Videos/Photos
https://switchboard.live,Videos/Photos
https://streamyard.com,Videos/Photos
https://www.primevideo.com,Videos/Photos
https://mubi.com,Videos/Photos
https://www.sho.com/video/full-episodes,Videos/Photos
https://azm.to,Videos/Photos
https://www.broadwayhd.com,Videos/Photos
https://www.cameleon.live,Videos/Photos
https://www.hidive.com,Videos/Photos
https://www.medici.tv/en/,Videos/Photos
http://www.metacdn.com,Videos/Photos
https://quibi.com,Videos/Photos
https://www.shemarooent.com,Videos/Photos
https://www.siriusxm.com,Videos/Photos
https://www.att.com/tv/,Videos/Photos
https://tunein.com,Videos/Photos
https://www.purevolume.com/?safari=1,Videos/Photos
https://wynk.in/music,Videos/Photos
https://watch.mhzchoice.com,Videos/Photos
https://www.pantaya.com/en/movies,Videos/Photos
https://spuul.com,Videos/Photos
https://solarmovie.mom,Videos/Photos
https://gostreamsite.ga,Videos/Photos
https://www.imdb.com/tv/,Videos/Photos
https://moviestars.to,Videos/Photos
https://www.stream4u.net,Videos/Photos
https://ww5.fmovie.sc,Videos/Photos
http://www.streamlord.com/index.html,Videos/Photos
https://flixtor.is/home,Videos/Photos
https://www.yidio.com,Videos/Photos
https://sports.inquirer.net/,Others
https://wwos.nine.com.au/,Others
https://www.essentiallysports.com/,Others
https://www.insidesport.co/,Others
https://www.sportsnet.ca/,Others
https://www.theroar.com.au/,Others
https://canoe.com/category/sports/,Others
https://sportscafe.in/,Others
https://www.footballcritic.com/,Others
https://www.whatproswear.com/,Others
https://www.sportscrunch.in/,Others
https://arysports.tv/,Others
https://usatodayhss.com/,Others
https://www.thesportsnews.in/,Others
https://unafraidshow.com/,Others
https://worldinsport.com/,Others
http://www.indiansportsnews.com/,Others
https://www.sportsnewsireland.com/,Others
https://westwoodonesports.com/,Others
https://xtratime.in/,Others
https://www.sportelo.com.ng/,Others
https://sportsrenegade.com/,Others
https://www.thesportsmirror.com/,Others
https://franchisesports.co.uk/,Others
https://pacificnwsports.com/,Others
https://247sportsgist.com/,Others
https://www.sportelo.com.ng/,Others
https://sportsrenegade.com/,Others
https://prosportsoutlook.com/,Others
https://www.sportskanazee.com/,Others
https://tksportstalk.com/,Others
https://daenadsports.blogspot.com/,Others
https://sportsevolve.blogspot.com/,Others
https://www.sportspac12.com/,Others
http://www.manunitedforever.net/,Others
https://sportsration.com/,Others
https://www.footballaudit.com/,Others
https://www.thebuzzsports.com/,Others
https://prosportsoutlook.com/,Others
https://www.sporttechie.com/,Others
https://sportsnewsmoney.com/,Others
https://globalmoneyworld.com/index.php/category/global-world-sports/,Others
https://www.scout.com/,Others
https://sportsevolve.blogspot.com/,Others
https://seriouslysports.com/,Others
https://sportstar.thehindu.com/,Others
https://sportsinfonow.com/,Others
https://www.sportsmanagement.co.uk/index.cfm,Others
https://www.completesports.com/,Others
https://sportgrill.blog/,Others
https://blog.betzcenter.com/,Others
https://sportspages.in/blog/,Others
https://benwsportblog.wordpress.com/,Others
https://www.sportshype.online/,Others
http://kridangan.com/,Others
https://www.athletesanon.com/blog,Others
http://dailysport.co.ke/,Others
https://sportsvilla.wordpress.com/,Others
https://www.goal.com/en,Others
https://www.101greatgoals.com/,Others
https://www.thisisanfield.com/,Others
https://sport360.com/,Others
https://www.criclines.com/,Others
https://www.cricadium.com/,Others
https://cricblog.net/,Others
https://www.cricxtasy.com/,Others
https://www.beforeyoubet.com.au/,Others
https://www.zerocric.com/,Others
https://www.thefulltoss.com/,Others
https://www.sweepcricket.com/,Others
https://caribbeancricket.com/news,Others
https://cricket-cup.blogspot.com/,Others
https://www.mycricket.ae/,Others
https://caughtatpoint.com/,Others
https://www.qldcricket.com.au/,Others
https://www.starsandstripesfc.com/,Others
https://www.yoursoccerdose.com/,Others
https://www.liverpoolecho.co.uk/,Others
https://www.football.london/,Others
http://www.avillafan.com/,Others
http://www.just-football.com/,Others
https://onefootball.com/en/home,Others
https://www.nottinghampost.com/sport/football/,Others
https://www.soccerstats.com/,Others
https://www.diariogol.com/,Others
https://crickettimes.com/,Others
http://www.legaseriea.it/en,Others
https://arseblog.com/,Others
https://sportslens.com/,Others
https://www.transfermarkt.com/,Others
https://nypost.com/baseball/,Others
https://razzball.com/,Others
https://d1baseball.com/,Others
https://www.baseballamerica.com/,Others
https://www.baseball-reference.com/,Others
http://www.badzine.net/,Others
https://www.badmintonengland.co.uk/,Others
https://www.badmintonireland.com/,Others
http://everything-badminton.com/,Others
https://shuttlesmash.com/,Others
https://tennisforfree.com/,Others
https://www.wtatennis.com/,Others
https://www.tennis.com/,Others
https://www.tennisexplorer.com/,Others
https://secondlife.com/,Videos/Photos
https://www.paltalk.com/,Videos/Photos
https://secure.imvu.com/welcome/ftux/,Videos/Photos
https://enterchatroom.com/,Videos/Photos
https://www.antichat.me/,Videos/Photos
https://chatroulette.com/,Videos/Photos
https://rockchat.net/,Videos/Photos
https://www.chatforfree.org/,Videos/Photos
https://www.elitesingles.com/,Videos/Photos
https://www.charmdate.com/,Videos/Photos
https://www.321chat.com/,Videos/Photos
https://chat.icq.com/icqchat/,Videos/Photos
https://www.tendermeets.com/couple/chat-rooms.html,Videos/Photos
https://www.mocospace.com/,Videos/Photos
https://tinychat.com/,Videos/Photos
https://www.justchat.co.uk/,Videos/Photos
https://p.badoo.com/l/2f23922d23e23c25722521422122120b21,Videos/Photos
https://www.elitemate.com/,Videos/Photos
https://date.com/,Videos/Photos
https://www.flirt.com/,Videos/Photos
https://www.chatib.us/,Videos/Photos
https://www.wireclub.com/,Videos/Photos
https://www.match.com/,Videos/Photos
https://www.facebook.com/,Videos/Photos
https://www.youtube.com/,Videos/Photos
https://www.whatsapp.com/,Videos/Photos
https://messenger.com/,Videos/Photos
https://www.instagram.com/,Videos/Photos
https://www.tumblr.com/,Videos/Photos
https://www.linkedin.com/,Listing
https://www.snapchat.com/,Videos/Photos
https://www.pinterest.com/,Videos/Photos
https://line.me/en/,Videos/Photos
https://telegram.org/,Videos/Photos
https://www.321chat.com/,Videos/Photos
https://www.chat-avenue.com/,Videos/Photos
https://www.wireclub.com/,Videos/Photos
http://www.paltalk.com/,Videos/Photos
https://ukchat.com/,Videos/Photos
https://www.kidschat.net/,Videos/Photos
https://www.teen-chat.org/,Videos/Photos
https://www.tinychat.com/,Videos/Photos
https://y99.in/,Videos/Photos
https://chat.tripsit.me/,Videos/Photos
https://www.omegle.com/,Videos/Photos
https://allotalk.com/,Videos/Photos
http://www.rphaven.com/,Videos/Photos
https://www.buzzen.com/,Videos/Photos
https://www.chat27.co.za/,Videos/Photos
http://b-gay.com/chat/,Videos/Photos
https://www.gaychat.zone/,Videos/Photos
https://www.buzz50.com/,Videos/Photos
https://seniorchatters.co.uk/,Videos/Photos
https://www.chatogo.com/,Videos/Photos
http://www.healthfulchat.org/all-chat-rooms.html,Videos/Photos
http://www.chathour.com/,Videos/Photos
https://www.spinchat.com/,Videos/Photos
https://xat.com/,Videos/Photos
https://www.chatblink.com/chat-list,Videos/Photos
https://en.lycos.social/,Videos/Photos
https://www.usachatnow.com/,Videos/Photos
http://www.icq-chat.com/,Videos/Photos
https://secondlife.com/,Videos/Photos
http://christianchat.com/,Videos/Photos
http://www.vpchat.com/,Videos/Photos
http://chattusa.com/,Videos/Photos
https://www.camamba.com/,Videos/Photos
http://www.blackchat.co.uk/blackchatold/hangout/,Videos/Photos
http://www.kidzworld.com/chat,Videos/Photos
http://www.jesusrocksonirc.net/,Videos/Photos
https://www.chatpit.com/,Videos/Photos
https://www.chatfamily.com/,Videos/Photos
https://www.diigo.com/,Videos/Photos
https://twitpic.com/,Videos/Photos
https://hi5.com/,Videos/Photos
http://xanga.com/,Videos/Photos
https://www.care2.com/,Videos/Photos
http://www.orkut.com/,Videos/Photos
https://getsatisfaction.com/,Videos/Photos
https://www.digitalcameraworld.com,Videos/Photos
https://www.cambridgeincolour.com,Videos/Photos
https://photographylife.com,Videos/Photos
https://fstoppers.com,Videos/Photos
https://camerajabber.com,Videos/Photos
https://www.diyphotography.net,Videos/Photos
https://iphonephotographyschool.com,Videos/Photos
https://www.dpreview.com,Videos/Photos
https://www.thesprucecrafts.com/photography-4162939,Videos/Photos
https://500px.com,Videos/Photos
https://www.thephotoargus.com,Videos/Photos
https://levonbiss.com,Videos/Photos
https://www.petermckinnon.com,Videos/Photos
https://www.mpkelley.com,Videos/Photos
https://blazinphoto.com,Videos/Photos
http://www.harisnukem.com,Videos/Photos
https://www.lieben.no,Videos/Photos
https://www.branditoolephoto.com,Videos/Photos
http://www.sanzlena.com,Videos/Photos
https://www.kaylafisherphotography.com,Videos/Photos
https://www.mathieustern.com,Videos/Photos
https://cassandraladru.com,Videos/Photos
https://www.danielkennedy.com,Videos/Photos
https://daniloandsharon.com,Videos/Photos
https://www.adambirdphotography.com,Videos/Photos
https://www.moyo-studio.com,Videos/Photos
https://alexisjuliaphoto.com,Videos/Photos
https://www.davemorrowphotography.com/photography-fundamentals,Videos/Photos
https://www.dodho.com,Videos/Photos
https://thefashioncamera.com,Videos/Photos
https://www.featureshoot.com,Videos/Photos
https://www.fionakellyphotography.com/blog/,Videos/Photos
https://www.behindtheshutter.com,Videos/Photos
https://petapixel.com,Videos/Photos
https://www.lightstalking.com,Videos/Photos
https://www.photo.net,Videos/Photos
https://www.picturecorrect.com,Videos/Photos
https://www.slrlounge.com,Videos/Photos
https://www.popphoto.com,Videos/Photos
https://photography.tutsplus.com,Videos/Photos
https://www.creativelive.com/photography?via=hero-freeform_1,Videos/Photos
https://www.whatsthebest.co.uk/tech/photography/,Videos/Photos
https://tomhull.co.uk,Videos/Photos
https://www.linnimages.com,Videos/Photos
https://www.amitmehra.com,Videos/Photos
https://www.jillgreenberg.com,Videos/Photos
https://www.jonathanglynnsmith.com,Videos/Photos
https://www.nateluebbe.com,Videos/Photos
http://www.brentstirton.com,Videos/Photos
http://www.dollyave.com,Videos/Photos
https://east.co,Videos/Photos
https://www.360cities.net/,Videos/Photos
https://www.bbc.com/news/in_pictures,Videos/Photos
https://www.blipfoto.com/,Videos/Photos
https://c4fap.org/,Videos/Photos
https://www.deviantart.com/,Videos/Photos
https://www.coolphotoideas.com/,Videos/Photos
https://www.digitalphotopro.com/technique/,Videos/Photos
https://www.dpreview.com/,Videos/Photos
https://digital-photography-school.com/,Videos/Photos
http://www.ephotozine.com/,Videos/Photos
https://filemagazine.com/,Videos/Photos
https://www.ippawards.com/,Videos/Photos
https://morguefile.com/,Videos/Photos
https://www.capture-life.de/,Videos/Photos
https://www.morganleephotographer.com/,Videos/Photos
https://www.bulbcreative.co/,Videos/Photos
https://josephhardin.com/,Videos/Photos
https://rmweddingfilms.co.uk/,Videos/Photos
https://mlphotofilm.com/,Videos/Photos
https://www.velare.co/,Videos/Photos
https://www.roseyredphotography.com/,Videos/Photos
https://www.outdoorphotographer.com/,Videos/Photos
https://www.naturephotographers.network/,Videos/Photos
http://www.pawspetphotography.co.uk/galleries/,Videos/Photos
https://www.photo.net/,Videos/Photos
https://psa-photo.org/,Videos/Photos
https://www.photographytalk.com/2,Videos/Photos
http://www.photopreneur.com/,Videos/Photos
http://pimpyourcam.com/,Videos/Photos
https://www.pixyblog.com/,Videos/Photos
https://rps.org/,Videos/Photos
https://www.jillgreenberg.com/,Videos/Photos
https://strobist.blogspot.com/,Videos/Photos
https://thealbumcafe.com/,Videos/Photos
https://theonlinephotographer.typepad.com/the_online_photographer/,Videos/Photos
https://www.jonathanglynnsmith.com/,Videos/Photos
http://www.weatherscapes.com/,Videos/Photos
http://www.weatherscapes.com/,Videos/Photos
https://www.jasonbellphoto.com/#/home/,Videos/Photos
https://www.danielkennedy.com/,Videos/Photos
https://news.google.com/,Others
https://news.yahoo.com/,Others
https://edition.cnn.com/,Others
https://www.bbc.com/news,Others
https://www.nytimes.com/,Others
https://www.theguardian.com/international,Others
https://www.washingtonpost.com/,Others
https://www.indiatimes.com/,Others
https://www.foxnews.com/,Others
https://www.usatoday.com/,Others
https://www.wsj.com/,Others
https://www.nbcnews.com/,Others
http://timesofindia.indiatimes.com/,Others
https://abcnews.go.com/,Others
https://sputniknews.com/,Others
https://www.independent.co.uk/,Others
https://www.cbc.ca/news/,Others
https://www.thesun.co.uk/news/,Others
https://time.com/,Others
https://www.latimes.com/,Others
https://www.mirror.co.uk/https://news.sky.com/,Others
https://www.vox.com/,Others
https://www.smh.com.au/,Others
https://www.scmp.com/,Others
https://www.ctvnews.ca/,Others
https://www.france24.com/en/,Others
https://news24online.com/,Others
https://globalnews.ca/,Others
https://www.channelnewsasia.com/,Others
https://ifp.co.in/,Others
https://www.rawstory.com/,Others
https://www.thestar.com/,Others
https://www.washingtontimes.com/,Others
https://www.todayonline.com/,Others
https://www.telegraphindia.com/,Others
https://www.newsnow.co.uk/h/World+News,Others
https://www.csmonitor.com/,Others
https://www.easternherald.com/,Others
https://world.wng.org/,Others
https://newsblaze.com/,Others
https://www.watchdoguganda.com/,Others
https://headlinecode.com/,Others
https://warritatafo.com/,Others
https://www.newsrust.com/,Others
https://globalpressjournal.com/,Others
https://newslanes.com/,Others
https://www.thenexthint.com/,Others
https://digitalive.world/,Others
https://www.newyorker.com/,Others
https://www.bbc.com/,Others
https://newszetu.com/,Others
https://weeklyworldnews.com/,Others
https://newsblenda.com/,Others
https://www.chron.com/,Others
https://www.news.com.au/,Others
https://www.scmp.com/,Others
https://abcnews.go.com/,Others
https://www.theguardian.com/,Others
http://www.bbc.com/,Others
https://www.huffpost.com/,Others
https://www.bloomberg.com/,Others
https://www.thedailybeast.com/,Others
https://publictv.in/,Others
http://www.neduwealth.com/,Videos/Photos
https://yerozo.com/,Others
https://zemocity.com/,Others
https://newsobservatory.com/,Others
https://lionnetnews.com/,Others
https://www.thetimesinplainenglish.com/,Others
https://richardsnewsonline.com/,Others
https://balticword.eu/,Others
https://www.thelifecart.com/,Others
https://rightnowtimes.com/,Others
https://amnews247.com/,Others
https://thedetrend.com/,Others
https://breakingnewscentral.com/,Others
https://timespek.com/,Articles/Blog
https://www.igorbnews.com/,Others
https://globalvisionuk.com/,Others
http://theweeklytide.com/,Others
http://www.justworldnews.com/,Others
https://www.avjnews.com/,Others
https://dainikviral.com/,Others
https://awkwardvibes.com/,Others
https://www.theworldwomennews.com/,Others
https://quicktrendnews.wordpress.com/,Others
https://thedailycanvas.com/,Others
https://www.excite-news.site/,Others
https://www.worldpresslive.com/,Others
https://reporterfox.com/,Others
https://www.suresource24.com/,Others
http://moef.gov.in,Others
http://goidirectory.nic.in/index.php,Others
https://pensionersportal.gov.in,Others
https://www.mea.gov.in,Others
https://www.finmin.nic.in,Others
https://www.mod.gov.in,Others
http://socialjustice.nic.in,Others
http://www.nmdfc.org,Others
https://mib.gov.in,Others
https://bombayhighcourt.nic.in,Others
https://lawmin.gov.in,Others
https://mumbaipolice.co.in,Others
http://narcoticsindia.nic.in,Others
https://www.upsc.gov.in,Others
https://www.indianarmy.nic.in/home,Others
http://www.ncbc.nic.in/Home.aspx,Others
https://indianairforce.nic.in,Others
http://ifs.nic.in,Others
https://ips.gov.in,Others
https://www.mha.gov.in,Others
https://www.nia.gov.in,Others
https://crpf.gov.in,Others
https://polisen.se/en/,Others
https://www.rcmp-grc.gc.ca,Others
https://www.canada.ca/en/security-intelligence-service.html,Others
https://www.fbi.gov,Others
https://www.cia.gov/index.html,Others
https://www.interpol.int/en,Others
http://government.ru/en/structure/,Others
https://www.asis.gov.au,Others
https://www.dea.gov,Others
https://www.ice.gov,Others
https://www.cbic.gov.in,Others
https://www.prisonministryindia.org,Others
https://www.bjs.gov,Others
https://www.ncjrs.gov,Others
https://www.justice.gov,Others
https://doj.gov.in,Others
https://nij.ojp.gov,Others
https://www.indianembassyusa.gov.in,Others
https://www.gst.gov.in,Others
https://www.incometaxindia.gov.in/Pages/default.aspx,Others
https://in.usembassy.gov,Others
https://portal2.passportindia.gov.in/AppOnlineProject/welcomeLink,Others
https://www.dof.gov.ph,Others
https://www.gov.scot,Others
http://www.police-foundation.org.uk,Others
https://bja.ojp.gov,Others
https://www.ojp.gov,Others
https://nicic.gov,Others
https://ovc.ojp.gov,Others
https://www.atf.gov,Others
https://www.policefoundationindia.org,Others
https://cops.usdoj.gov,Others
https://www.bop.gov,Others
https://cabsec.gov.in/index.php,Others
http://ncdrc.nic.in,Others
https://www.legislation.gov.uk,Others
https://www.indiacode.nic.in,Others
https://legalaffairs.gov.in,Others
https://leginfo.legislature.ca.gov,Others
https://www.pmindia.gov.in/en/,Others
https://persmin.gov.in,Others
http://www.legislation.govt.nz,Others
https://eci.gov.in,Others
https://ceo.maharashtra.gov.in,Others
https://eci.gov.in,Others
https://www.fec.gov,Others
https://rti.gov.in,Others
https://www.legislation.sa.gov.au/index.aspx,Others
https://vote.gov,Others
https://www.eac.gov,Others
https://www.electoralcommission.org.uk,Others
https://loksabha.nic.in,Others
https://www.lawcom.gov.uk,Others
https://www.parliament.uk,Others
https://www.legis.state.pa.us,Others
https://www.legislation.wa.gov.au,Others
https://eparlib.nic.in,Others
https://www.ipu.org,Others
https://districts.ecourts.gov.in,Others
https://www.legis.iowa.gov,Others
https://www.army.mod.uk,Others
http://www.stmaryskids.org/,Articles/Blog
http://www.kidswithfoodallergies.org/,Articles/Blog
http://www.malecare.org/,Articles/Blog
http://www.degosdisease.com/,Articles/Blog
http://www.freedomhealthrecovery.com/,Articles/Blog
http://www.freedomhealthrecovery.com/,Articles/Blog
http://www.cancer.org/research/cancerfactsstatistics/index,Articles/Blog
http://www.nymemory.org/,Articles/Blog
http://www.yunkeracupuncture.com/,Articles/Blog
http://www.curavet.com/,Articles/Blog
http://www.wrlfmd.org/,Articles/Blog
http://www.learnayurveda.com/research.html,Articles/Blog
http://www.securethefuture.com/,Articles/Blog
http://www.pocaan.org/,Articles/Blog
http://www.idsociety.org/,Articles/Blog
http://www.chikungunya.in/,Articles/Blog
http://www.asthmastory.com/,Articles/Blog
http://www.cellutitis.org/,Articles/Blog
http://brokenjawtips.com/,Articles/Blog
http://patient.info/,Articles/Blog
https://www.mayoclinic.org/,Articles/Blog
http://www.en.usz.ch/Pages/default.aspx,Articles/Blog
https://www.nm.org/,Articles/Blog
https://www.mountsinai.org/,Articles/Blog
https://www.hamad.qa/EN/Pages/default.aspx,Articles/Blog
https://www.saintfrancis.com/,Articles/Blog
http://www.baylorhealth.com/Pages/Default.aspx,Articles/Blog
https://www.luriechildrens.org/,Articles/Blog
http://www.rivalfitnessseattle.com/,Articles/Blog
https://www.studiomix.com/,Articles/Blog
https://www.orangetheory.com/en-in/,Articles/Blog
https://charlestonkettlebellclub.com/,Articles/Blog
https://www.joyoushealth.com/,Articles/Blog
http://www.thegymla.com/,Articles/Blog
https://republicbos.com/,Articles/Blog
https://www.ironbridgecrossfit.com/,Articles/Blog
https://crosstownfitness.com/,Articles/Blog
http://www.prevailboxing.com/,Articles/Blog
http://portlandteamfitness.com/,Articles/Blog
https://firebrandsports.com/,Articles/Blog
https://pulsepdx.net/,Articles/Blog
https://www.push511.com/,Articles/Blog
https://www.fulcrumfitness.com/,Articles/Blog
https://www.castlehillfitness.com/,Articles/Blog
https://www.apollohospitals.com/,Articles/Blog
https://www.fortishealthcare.com/,Articles/Blog
https://www.maxhealthcare.in/,Articles/Blog
https://www.narayanahealth.org/,Articles/Blog
https://sgrh.com/,Articles/Blog
https://www.ilbs.in/,Articles/Blog
https://www.medanta.org/,Articles/Blog
https://www.sankaranethralaya.org/,Articles/Blog
https://carehospitals.com/,Articles/Blog
https://carehospitals.com/,Articles/Blog
https://www.ilbs.in/,Articles/Blog
https://www.medanta.org/,Articles/Blog
https://www.sankaranethralaya.org/,Articles/Blog
https://carehospitals.com/,Articles/Blog
https://carehospitals.com/,Articles/Blog
https://safety.blr.com/,Articles/Blog
http://www.rphworld.com/,Articles/Blog
http://medlibrary.org/,Articles/Blog
http://cshp-nb.ca/,Articles/Blog
http://www.oilofpisces.com/,Articles/Blog
http://www.aafp.org/,Articles/Blog
http://www.oilofpisces.com/,Articles/Blog
http://www.stmarymercy.org/,Articles/Blog
http://aathermography.com/,Articles/Blog
http://www.asma.org/,Articles/Blog
http://ecps.md/,Articles/Blog
http://www.poh.org/,Articles/Blog
http://drpoulter.com/,Articles/Blog
http://youngerfaces.com/,Articles/Blog
http://www.renewman.com/,Articles/Blog
http://www.badyogi.com/blog/,Articles/Blog
https://yogawithadriene.com/blog/,Articles/Blog
https://www.yogagirl.com/read,Articles/Blog
https://www.yogajournal.com/,Articles/Blog
https://yogajanda.com/blog/,Articles/Blog
https://blog.spiritvoyage.com/,Articles/Blog
https://www.yogabasics.com/practice/,Articles/Blog
https://www.mindbodygreen.com/,Articles/Blog
https://www.yogiapproved.com/,Articles/Blog
https://blog.yogamatters.com/,Articles/Blog
https://www.yogabycandace.com/blog,Articles/Blog
https://iloveveterinary.com/,Articles/Blog
https://www.viovet.co.uk/blog,Articles/Blog
https://www.vettimes.co.uk/,Others
https://www.reddit.com/r/AskVet/,Articles/Blog
https://www.avma.org/blog,Articles/Blog
https://www.petpoisonhelpline.com/blog/,Articles/Blog
https://medicalfuturist.com/,Articles/Blog
https://www.webmd.com/,Articles/Blog
https://www.everydayhealth.com/,Articles/Blog
https://www.health.com/,Articles/Blog
https://www.medscape.com/,Articles/Blog
https://www.healthline.com/,Articles/Blog
https://www.mercola.com/,Articles/Blog
http://www.chess-poster.com/,Others
http://onlinechessstrategy.com/,Others
http://www.chessebook.com/,Others
http://www.chessvideos.tv/,Others
http://www.thechessworld.com/,Others
http://www.chess.com/,Others
http://chessbomb.com/,Others
http://www.chessdom.com/,Others
http://www.chessdryad.com/,Others
http://www.chessgames.com/http://www.setupgroup.com/xo/,Others
http://www.di.fc.ul.pt/~jpn/gv/,Others
http://www.5straight.net/,Others
http://boardgamegeek.com/boardgame/369/5ive-straight,Others
http://www.boardgamegeek.com/game/2545,Others
http://www.boardgamegeek.com/game/5120,Others
https://en.wikipedia.org/wiki/Morabaraba,Others
http://www.tradgames.org.uk/games/Nine-Mens-Morris.htm,Others
http://www.cox-tv.com/games/rules/morris.html,Others
http://www.chess.4mg.com/,Others
http://www.chesspals.com/,Others
https://www.pagat.com/adders/,Others
http://members.tripod.com/~Germantown_Peggers/cribfrms.htm,Others
http://www.cribbage.org/,Others
http://www.pagat.com/rummy/handfoot.html,Others
http://ace2three.com/,Others
http://ginrummytournaments.com/,Others
http://cardgames.io/ginrummy/,Others
http://www.onlinecasinoreports.com/casinogames/online-gin-rummy.php,Others
https://www.pagat.com/rummy/ginrummy.html,Others
http://www.mu.org/~doug/mao/,Others
http://www.wikipedia.org/wiki/President_(game),Others
http://www.realbeer.com/fun/games/games-353.php,Others
http://www.pagat.com/patience/,Others
http://www.chessandpoker.com/solitaire_strategy.html,Others
http://www.pagat.com/invented/cribbage_solitaire.html,Others
http://www.funagain.com/cgi-bin/funagain/04222,Others
http://www.rpg.net/news+reviews/reviews/rev_4588.html,Others
http://www.pevans.co.uk/Reviews/BigCheese.html,Others
http://www.angelfire.com/pq/Urhixidur/Nuke/Nuke.html,Others
http://www.atlas-games.com/onceuponatime/,Others
http://gamecabinet.com/rules/OnceUponATimeVariant.html,Others
http://www.portmacquariebridge.websyte.com.au/,Others
http://www.pmhbridge.com.au/,E-Commerce
http://quicktricks.com.au/,Others
http://www.trumps.net.au/,Others
http://www.twintowns.bridgeaustralia.org/,Others
http://www.atarihq.com/museum/coinops/index.html,Others
http://www.arcadebelgium.be/,Others
http://www.larwe.com/coinop/index.html,Others
http://www.games-db.com/Arcade/,Others
http://www.arcade-history.com/,Others
http://members.tripod.com/~AWalden/,Others
http://home.hiwaay.net/~lkseitz/cvg/nexus/,Others
http://members.tripod.com/~hamishf/,Others
http://members.tripod.com/mannix20/,Others
http://members.tripod.com/nylatenite/gamersparadise.htm,Others
http://www.russprince.com/cabinet/,Others
http://txshowdown.com/,Others
http://www.vaps.org/,Others
http://www.ionpool.net/arcade/asteroidtech/asteroidsrepair.html,Others
http://www.ionpool.net/arcade/irobot/anderson/,Others
http://www.basementarcade.com/arcade/toobin/,Others
http://www.flippers.com/,Others
http://www.ksarcade.net/,Others
http://economypinballrepair.weebly.com/,Others
http://mezelmods.com/,Others
http://www.moorepinballs.com/,Others
http://www.mopinball.com/,Others
http://www.dickestel.com/classicexpo.htm,Others
http://www.dickestel.com/classicexpo2004.htm,Others
http://www.dickestel.com/classic2005.htm,Others
http://www.bogglewords.com/,Others
http://bolsboardgames.com/,Others
http://www.eingang.org/Games/boggle.html,Others
http://www.worldbunco.com/,Others
http://www.fillorbust.com/,Others
http://www.bingogamingnews.com/,Others
http://nationalmarblestournament.org/,Others
http://www.tableskittles.com/,Others
http://www.tradgames.org.uk/games/Table-Skittles.htm,Others
http://www.etwa.org/,Others
http://www.apegames.com/,Others
http://www.augustgames.com/,Others
http://www.brickcommander.com/,Others
http://www.clashofarms.com/,Others
http://www.operationoverkill.com/,Others
http://www.sunrisedoors.com/,Others
http://www.wolfysilver.co.uk/WM/,Others
http://haven.theonering.net/,Others
http://cobra5.proboards.com/,Others
http://phobiaverse.proboards.com/,Others
http://www.roleplayinggames.net/,Others
http://www.eliteskills.com/rp/,Others
http://ussagamemnon.iwarp.com/,Others
http://www.eurogamer.net/article.php?article_id=66766,Others
http://www.gamespot.com/american-mcgees-alice/summary/,Others
http://www.loonygames.com/content/2.1/feat/,Others
http://www.gamerevolution.com/review/pc/alice,Others
http://www.mobygames.com/game/arabian-nights,Others
https://www.reddit.com/,Articles/Blog
https://www.quora.com/,Articles/Blog
https://stackoverflow.com/,Articles/Blog
https://www.indiaforums.com/,Articles/Blog
https://answers.google.com/,Articles/Blog
http://www.aelyria.com/,Articles/Blog
https://www.airliners.net/forum/,Articles/Blog
https://www.alternatehistory.com/,Articles/Blog
https://arstechnica.com/civis/,Articles/Blog
https://atrl.net/,Articles/Blog
https://forums.craigslist.org/?areaID=85,Articles/Blog
https://www.eevblog.com/,Articles/Blog
https://www.fark.com/,Articles/Blog
https://thehub.online/hub-forums/,Articles/Blog
https://www.wattpad.com/,Articles/Blog
https://www.skyscrapercity.com/forums/india.450/,Articles/Blog
https://deliciouslyella.com/,Articles/Blog
https://pinchofyum.com/,Articles/Blog
https://balancedbites.com/,Articles/Blog
https://cookieandkate.com/,Articles/Blog
https://runningonrealfood.com/,Articles/Blog
https://www.afamilyfeast.com/,Articles/Blog
https://myfoodstory.com/,Articles/Blog
https://greenkitchenstories.com/,Articles/Blog
https://www.loveandlemons.com/,Articles/Blog
https://www.thepioneerwoman.com/,E-Commerce
https://recipesfromapantry.com/,Articles/Blog
https://www.sproutedkitchen.com/,Articles/Blog
https://sallysbakingaddiction.com/,Articles/Blog
https://ohsheglows.com/,Articles/Blog
https://www.cookrepublic.com/,Articles/Blog
https://thefirstmess.com/,Articles/Blog
https://olivebarandkitchen.com/,Articles/Blog
http://www.moxhe.com.au/,Articles/Blog
https://www.risotteriamelottinyc.com/,Articles/Blog
http://elburro.no/,Articles/Blog
https://www.7thheaven.in/,Articles/Blog
http://teavilla.in/,Articles/Blog
https://www.theproteinbar.com/,Articles/Blog
http://www.easybistro.com/,Articles/Blog
https://www.ililinyc.com/,Articles/Blog
https://www.foxinthesnow.com/,Articles/Blog
http://susiecakes.com/,Articles/Blog
https://www.gaylesbakery.com/,Articles/Blog
https://www.jillycakesorlando.com/,Articles/Blog
https://iloveladycakes.com/,Articles/Blog
https://www.portosbakery.com/,Articles/Blog
https://www.bakerynouveau.com/,Articles/Blog
https://buzzbakeshop.com/,Articles/Blog
https://www.alessibakery.com/,Articles/Blog
https://rakskitchen.net/,Articles/Blog
https://www.skinnytaste.com/,Articles/Blog
https://cookiesandcups.com/,Articles/Blog
https://www.cookingclassy.com/,Articles/Blog
https://bakewithshivesh.com/,Articles/Blog
https://www.manjulaskitchen.com/,Articles/Blog
https://www.100daysofrealfood.com/,Articles/Blog
https://www.simplyrecipes.com/,Articles/Blog
https://www.thebowwindowcafe.co.uk/,Articles/Blog
http://lilacpatisserie.com/,Articles/Blog
https://www.henhouseeatery.com/,Articles/Blog
https://cafenoseaustin.com/,Articles/Blog
https://www.parakeetcafe.com/,Articles/Blog
https://www.cloudcitycoffee.com/,Articles/Blog
https://littlegoatchicago.com/,Articles/Blog
https://www.zinccafe.com/,E-Commerce
https://www.cornertablenantucket.com/,Articles/Blog
https://notescoffee.com/,Articles/Blog
https://diethood.com/,Articles/Blog
https://www.burrobarboston.com/,Articles/Blog
https://www.whiskey.kitchen/,Articles/Blog
https://www.vegrecipesofindia.com/,Articles/Blog
https://www.casknyc.com/,Articles/Blog
https://dinnerthendessert.com/,Articles/Blog
http://www.tioluchin.com/,Articles/Blog
https://www.thecenturybar.com.au/,Articles/Blog
https://www.onceuponachef.com/,Articles/Blog
https://thewoksoflife.com/,Articles/Blog
https://www.dineout.co.in/,Articles/Blog
https://www.eazydiner.com/mumbai?loc=mumbai,Articles/Blog
https://www.padhuskitchen.com/,Articles/Blog
https://www.tacobell.co.in/,Articles/Blog
https://skinnyms.com/https://mallikabasu.com/,Articles/Blog
http://www.thasneen.com/cooking/,Articles/Blog
https://simplytadka.com/,Articles/Blog
https://www.aspicyperspective.com/,Articles/Blog
https://tastesbetterfromscratch.com/,Articles/Blog
https://www.jocooks.com/blog/,Articles/Blog
https://www.sanjeevkapoor.com/,Articles/Blog
https://www.chefajaychopra.com/,Articles/Blog
https://anjuladevi.com/,Articles/Blog
http://anjalipathak.com/,Articles/Blog
https://smittenkitchen.com//,Articles/Blog
https://gimmedelicious.com/,Articles/Blog
https://caterbakes.com/,Articles/Blog
https://onceuponafoodblog.com/,Articles/Blog
https://www.loveandrisotto.com/,Articles/Blog
http://thymetomango.com/,Articles/Blog
https://rachelhomecooking.com/,Articles/Blog
http://www.thegraphicfoodie.co.uk/,Articles/Blog
https://cookingforone341683522.wordpress.com/the-blog/,Articles/Blog
https://www.tastymealsforyou.com/,Articles/Blog
http://www.jackieshappyplate.com/,Articles/Blog
http://bananaleafindia.com/,Articles/Blog
https://www.cadbury.co.uk/,Articles/Blog
https://www.lays.com/,Articles/Blog
https://hebbarskitchen.com/,Articles/Blog
https://pizzabythebay.in/,Articles/Blog
https://www.gopapaya.co.in/,Articles/Blog
https://www.collegenet.com/,Others
http://admissionsplus.blogspot.com/,Others
http://www.nytimes.com/2002/05/07/nyregion/07COLL.html,Others
http://www.andhrauniversity.info/,Others
https://www.somaiya.edu/en,Others
http://www.iitg.ernet.in/,Others
https://www.kic.org.uk/nottingham-trent/,Others
http://cujs.soc.srcf.net/,Others
http://www.realcollegelife.com/,Others
http://www.columbia.ab.ca/,Others
http://www.ualberta.ca/NATIVESTUDIES/,Others
http://www.politicalscience.ualberta.ca/,Others
http://unschoolers.com/,Others
http://www.worldwidelearn.com/vocational-training.htm,Others
http://www.qac.ac.uk/,Others
http://www.childnow.org/,Others
http://www.execbar.com/,Others
http://agentschoiceonline.com/,Others
http://www.mcqs.com/,Others
http://www.aestheticrealism.org/Education-LR.htm,Others
http://www.instrumentalchemistry.com/,Others
http://www.aesociety.org/,Others
http://www.studyhplc.com/,Others
http://link.springer.com/journal/11094,Others
http://www.synapses.co.uk/alchemy/index.html,Others
http://www.webqc.org/,Others
http://education.jlab.org/elementflashcards/,Others
http://www.chemcollective.org/,Others
http://www.chemguide.co.uk/,Others
http://www.chemistry.co.nz/,Others
http://en.wikipedia.org/wiki/International_Chemistry_Olympiad,Others
http://www.sciencegeek.net/,Others
http://www.quantum-chemistry-history.com/,Others
http://www.chemicalelements.com/elements/al.html,Others
http://www.geopolymer.org/,Others
http://www.chem1.com/acad/webtext/virtualtextbook.html,Others
http://environmentalchemistry.com/,Others
http://www.visionlearning.com/library/science/chemistry-1/CHE1.7-bonding.htm,Others
http://www.math.tifr.res.in/,Others
http://www.allaboutcircuits.com/vol_4/chpt_7/index.html,Others
http://www.algebra.com/,Others
http://link.springer.com/journal/10485,Others
http://en.wikipedia.org/wiki/Group_Theory,Others
http://mathworld.wolfram.com/topics/LinearAlgebra.html,Others
http://www.algebra-answer.com/,Others
http://mathworld.wolfram.com/FastFourierTransform.html,Others
http://www.amstat.org/publications/jcgs/,Others
http://mathonline.edusoftmax.com/,Others
http://imammb.oxfordjournals.org/,Others
http://www.calculus.org/,Others
http://en.wikipedia.org/wiki/Fractional_calculus,Others
http://scienceworld.wolfram.com/biography/Eudoxus.html,Others
http://www.shyamsundergupta.com/amicable.htm,Others
http://www.numbertheory.org/ntw/N5.html,Others
http://www.gtcenter.org/,Others
http://www.appliedprobability.org/,Others
http://www.calculator.org/,Others
http://www.lasers.org.uk/Courses/msc.htm,Others
http://darkmattertheories.com/,Others
http://www.mtnmath.com/,Others
http://www.scholarpedia.org/article/Encyclopedia_of_astrophysics,Others
http://www.angelfire.com/geek/alphabeta/,Others
http://www.physics.uoguelph.ca/tutorials/shm/Q.shm.html,Others
http://www.physicsweb.org/bestof/cond-mathttp://www.cristal.org/course/,Others
http://www.worldscienceu.com/,Others
http://www.cosmolearning.com/physics/,Others
http://www.interactivescienceteacher.com/,Others
http://www.fearofphysics.com/,Others
http://www.wondermagnet.com/,Others
http://www.geneticanthropology.org/,Others
http://archaeology.about.com/library/univ/blggsa.htm,Others
http://www.trentu.ca/archaeology/,Others
http://geographyfieldwork.com/,Others
http://www.shodor.org/metweb/index.html,Others
http://geostudies.co.uk/,Others
http://www.earthscienceeducation.com/,Others
http://geea.lyellcollection.org/,Others
http://www.earthsciweek.org/,Others
http://www.geomatics.ucalgary.ca/,Others
http://www.synapses.co.uk/science/mvolcano.html,Others
http://en.wikipedia.org/wiki/Quaternary,Others
http://www.journals.elsevier.com/palaeogeography-palaeoclimatology-palaeoecology/,Others
https://explorable.com/,Others
http://www.all-science-fair-projects.com/,Others
http://www.b2science.org/http://www.smu.ca/academic/science/envstud/,Others
http://www.wageningenur.nl/en/Expertise-Services/Chair-groups/Animal-Sciences/Animal-Production-Systems-Group.htm,Others
http://www.agronomy.org/,Others
http://www.getonthebus.org/,Others
http://www.theskyscrapers.org/,Others
http://www.bigear.org/,Others
http://www.colorbasepair.com/bioinformatics_courses_tutorials.html,Others
http://www.astrosociety.org/,Others
http://www.ccmb.res.in/,Others
http://www.biochemist.org/bio/,Others
http://botany.about.com/,Others
http://www.evolutionary-ecology.com/,Others
http://www.learningastronomy.com/,Others
http://www.sciencedirect.com/science/journal/10898603,Others
http://www.springer.com/biomed/journal/418,Others
http://www.biology.lu.se/,Others
http://jmcb.oxfordjournals.org/,Others
http://www.journals.elsevier.com/theoretical-population-biology/,Others
http://www.itrcindia.org/,Others
http://www.agclassroom.org/,Others
http://www.chemicalelements.com/elements/ir.html,Others
http://www.life.illinois.edu/hanks/,Others
http://dinosaurtheory.com/theory.html,Others
http://www.britannica.com/EBchecked/topic/409383/neptunium,Others
http://en.wikipedia.org/wiki/Fire_ecology,Others
http://en.wikipedia.org/wiki/Molecular_evolution,Others
http://www.synapses.co.uk/genetics/,Others
https://www.peapod.com/,E-Commerce
https://relianceretail.com/reliance-fresh.html,E-Commerce
https://www.amazon.in/alm/storefront?almBrandId=ctnow,E-Commerce
https://www.bigbasket.com/?utm_source=google&utm_medium=cpc&utm_campaign=Brand-MUM&gclid=CjwKCAiA7939BRBMEiwA-hX5J8-2dP6c4KbAi3aTcKNlF5o72hQCBLa1UreE1QYGJlSH8RWqSEP0wRoCmpMQAvD_BwE,E-Commerce
https://www.instacart.com/,E-Commerce
https://www.naturesbasket.co.in/,E-Commerce
https://www.starquik.com/,E-Commerce
http://www.spencersretail.com/,E-Commerce
https://paytmmall.com/supermarket-glpid-101310,E-Commerce
https://www.dunzo.com/mumbai,E-Commerce
https://www.easyday.in/,E-Commerce
https://www.flipkart.com/grocery-supermart-store?marketplace=GROCERY,E-Commerce
https://www.patanjaliayurved.net/,E-Commerce
https://www.bigmartretail.com/,E-Commerce
https://www.suprdaily.com/,E-Commerce
https://relianceretail.com/reliance-smart.html,E-Commerce
https://www.waitrose.com/ecom/shop/browse/groceries,E-Commerce
https://www.asos.com/,E-Commerce
http://www.guess.com/,E-Commerce
https://www.fashionnova.com/,E-Commerce
https://www2.hm.com/en_in/index.html,E-Commerce
https://www.urbanic.com/?country_code=IN&utm_source=google&utm_medium=cpc&gclid=CjwKCAiA7939BRBMEiwA-hX5JxrSomTtxmB1OVfePe9Bp00h,E-Commerce
http://www.aeropostale.com/,E-Commerce
http://www.edgewear.com/,E-Commerce
https://www.berrylush.com/,E-Commerce
https://www.bonkerscorner.com/product-category/women/?utm_source=google&utm_medium=cpc&utm_campaign=brand-ad&gclid=CjwKCAiA7939BRBMEiwA-h,E-Commerce
https://burgerbaeclothing.com/,E-Commerce
https://desiminimals.com/,E-Commerce
http://www.cottonseedusa.com/,E-Commerce
http://www.jimsclothing.com/,E-Commerce
http://www.themontanascene.com/,E-Commerce
http://www.landsend.com/,E-Commerce
http://www.outletshirts.com/,E-Commerce
https://shop.mango.com/in,E-Commerce
https://www.only.in/,E-Commerce
https://www.kdsurfshop.com/,E-Commerce
https://hollywoodfashionsecrets.com/,E-Commerce
http://www.beltsdirect.com/,E-Commerce
https://www.accessorize.com/row/,E-Commerce
http://www.hotfingersgloves.com/,E-Commerce
https://www.ayeshaaccessories.com/,E-Commerce
https://www.bagborroworsteal.com/,E-Commerce
https://www.claires.com/,E-Commerce
http://www.scarves.com/,E-Commerce
http://www.fashionheaven.com/,E-Commerce
https://www.jewelsgalaxy.com/,E-Commerce
http://rainbowmetals.com/,E-Commerce
http://www.lbow.com/,E-Commerce
http://www.tropicalenterprises.com/,E-Commerce
http://www.lovedesignerbags.com/,E-Commerce
http://www.dellamoda.com/,E-Commerce
http://www.suspenderstore.com/,E-Commerce
http://simplyscarves.com/,E-Commerce
http://www.shoplindasstuff.com/,E-Commerce
https://inayajewelry.com/,E-Commerce
https://viange.in/,E-Commerce
http://www.fastballoons.com/,E-Commerce
https://www.bigsmall.in/,E-Commerce
https://www.giftcart.com/,E-Commerce
http://www.americangiftfactory.com/,E-Commerce
http://www.americangiftfactory.com/,E-Commerce
http://www.basketcreationsplus.com/,E-Commerce
http://www.babyblooms.co.uk/,E-Commerce
http://www.likeadoll.com/,E-Commerce
http://www.msmugs.com/http://www.collagery.com/,E-Commerce
http://www.giftsin24.com/,E-Commerce
http://www.affirmations.com.au/,E-Commerce
http://www.personalcreations.com/,E-Commerce
http://wrapsodyonline.com/,E-Commerce
http://www.gallerycollection.com/,E-Commerce
https://www.archiesonline.com/,E-Commerce
http://www.lusonic.com/,E-Commerce
https://www.vijaysales.com/?gclid=Cj0KCQiAkuP9BRCkARIsAKGLE8XNFFBps909mKzX4jdv7mqfunBVwGYRtAEKDq0EUJ25g7eJ_S8KLqQaAktIEALw_wcB,E-Commerce
http://www.newtube.com/,E-Commerce
http://www.angledcables.com/,E-Commerce
https://www.ezmaal.com/,E-Commerce
http://www.abrown.com/,E-Commerce
https://shippingcasesnow.com/,E-Commerce
http://www.cordlessworkz.com/,E-Commerce
http://www.ninjaremote.com/,E-Commerce
http://www.headphone.com/,E-Commerce
https://www.ajio.com/,E-Commerce
https://www.shopclues.com/,E-Commerce
https://www.tatacliq.com/,E-Commerce
https://www.koovs.com/,E-Commerce
https://www.cilory.com/,E-Commerce
https://www.snapdeal.com/,E-Commerce
https://www.westside.com/,E-Commerce
https://centralandme.com/,E-Commerce
https://www.bata.in/,E-Commerce
https://www.stevemadden.in/,E-Commerce
https://www.nykaa.com/,E-Commerce
https://www.fnp.com/,E-Commerce
https://thejodilife.com/https://www.voylla.com/,E-Commerce
https://bellofox.com/,E-Commerce
https://www.luluandsky.com/,E-Commerce
https://www.pipabella.com/,E-Commerce
https://www.houseofindya.com/women-accessories/cat,E-Commerce
https://www.maccosmetics.com/,E-Commerce
http://www.kasrl.org/jaffe.html,Others
https://www.gmdhshell.com/,Others
http://en.wikipedia.org/wiki/Neural_network,Others
http://cadingandcoding.blogspot.com/,Others
http://www.panzercad.com/,Others
http://www.metalopt.com/,Others
http://qualgorithms.blogspot.com/,Others
http://www.enterthegrid.com/,Others
http://qualgorithms.blogspot.com/,Others
http://www.comcraftfr.com/,Others
http://gailly.net/,Others
http://www.stringology.org/,Others
http://www.siam.org/meetings/da02/,Others
http://www.epaperpress.com/sortsearch/,Others
http://www.agenarisk.com/,Others
http://www.cra.com/bnet,Others
http://qsmm.org/,Others
https://www.tensorflow.org/,Others
http://www.filegate.net/,Others
http://www.idecad.com/,Others
http://www.m8tools.com/,Others
http://www.editcnc.com/,Others
http://www.brightonbased.co.uk/,Others
http://www.flpcdr.com/,Others
http://www.seagrasssoftware.com/,Others
http://vrlab.epfl.ch/,Others
http://www.ec2002.tue.nl/,Others
http://ndb.cs.aau.dk/,Others
http://www.rulequest.com/Personal/,Others
http://www.stroustrup.com/,Others
http://www.hindawi.com/journals/am/,Others
http://www.hcibib.org/hci-sites/BIBLIOGRAPHY.html,Others
http://portal.acm.org/,Others
http://www.pdftask.com/,Others
http://pdfmerge.w69b.com/,Others
http://www.ilovepdf.com/,Others
http://www.mytechtime.com/2009/07/postscript-benefits.html,Others
http://filesystems.org/,Others
http://www.graphicsacademy.com/format.php,Others
http://catb.org/~esr/gif2png/,Others
http://trac.osgeo.org/geotiff/,Others
http://www.help-info.de/en/,Others
http://www.textuality.com/xml/,Others
http://www.postersw.com/,Others
https://products.office.com/en-us/publisher,Others
http://www.ebookcompiler.com/,Others
http://www.retrosoftware.co.uk/,Others
http://www.emigre.com/,Others
http://www.favicon.cc/,Others
http://www.freedom-to-tinker.com/,Others
http://hci4all.at/,Others
http://www.martnet.com/,Others
http://www.interconnect.net/,Others
http://www.cbrdigital.com/,Others
http://www.1lovecards.com/,Others
http://webonthefly.com/,Others
http://fusionlayer.com/,Others
http://www.lqexcel.com/ado.php,Others
http://www.generexe.nl/,Others
http://www.caffeineowl.com/,Others
http://www.flipcode.com/archives/,Others
http://www.freevbcode.com/,Others
http://www.quirksmode.org/js/index.html?dhtmloptions.html,Others
http://lambda-the-ultimate.org/,Others
http://www.snakeisland.com/,Others
http://www.josuttis.com/tmplbook/,Others
http://www.lullsoft.com/,Others
http://windowsbro.blogspot.com/,Others
http://www.hsix.com/,Others
http://www.tagspaces.org/,Others
http://www.tgrmn.com/,Others
http://www.dvdshrink.org/,Others
http://notifier.email.my/,Others
http://www.babylon.com/,Others
http://site.icu-project.org/,Others
http://www.paxit.com/,Others
https://www.acronis.com/en-us/,Others
http://www.cthing.com/,Others
http://www.nbsoft.co.uk/,Others
http://www.hddlife.com/,Others
http://www.pocketsoap.com/4s4c/,Others
http://www.gibney.de/,Others
http://www.adahome.com/,Others
http://juggle.gaertner.de/,Others
http://www.beroset.com/,Others
http://4mhz.de/bfdev.html,Others
http://www.viworld.com/,Others
http://www.argonblue.com/,Others
http://meyerweb.com/,Others
http://www.funshare.mobi/,Others
http://www.alternativepedia.com/,Others
http://www.kasrl.org/jaffe.html,Others
http://www.multiagent.com/,Others
http://www.data-compression.info/,Others
http://www.accrepairs.com/,Others
http://www.globalstar.com/,Others
http://www.easycomm.co.in/,Others
http://www.ephonecards.com.au/,Others
http://www.fibertelcontractors.com/,Others
http://www.americanhelpdesk.com/,Others
http://www.globalentrepreneurshipconsortium.org/,Others
http://howtofreelance.com/,Others
http://www.nofussaccounting.com/,Others
http://www.homeworkingmom.com/,Others
http://www.jewelryshopkeeper.com/,Others
http://www.realtyexecutives.com/,Others
http://www.naiglobal.com/,Others
http://www.globalvaluation.com/,Others
http://www.sunbeltnetwork.com/,Others
http://www.selfstoragebrokersofamerica.com/,Others
http://www.retailstudy.com/,Others
http://www.recapadvisors.com/,Others
http://www.skylinepacific.com/,Others
http://www.lawyersadvantage.com/,Others
http://www.stocktrading.com/,Others
http://www.futurefunds.com.au/,Others
http://www.institutionalfunds.com/,Others
http://www.equitypandit.com/,Others
http://www.jpaerospace.com/,Others
http://www.oysterknife.co.nz/,Others
http://www.southislandaquarium.com/,Others
http://www.industrialsystems.us/,Others
http://www.treemaintenance.com/,Others
http://www.unitednature.com/,Others
http://www.cmaauctions.com/,Others
http://www.milestoneproductions.ie/,Others
http://www.atma.com.au/cbk/,Others
http://www.accaglobal.com/,Others
http://www.treasurers.org/,Others
http://www.agacgfm.org/,Others
http://www.aiaponline.com/,Others
http://www.stevesaircraft.com/,Others
http://www.sunshineaircraft.com/,Others
http://www.vicair.net/,Others
http://www.worldwideaircraft.com/,Others
http://guysaircraft.com/,Others
http://www.jacobstrading.com/,Others
http://www.centralsupplyandrubber.com/,Others
http://www.precisiontrucks.com/,Others
http://www.falcontrailers.com/,Others
http://www.parkwaywrecker.com/,Others
http://www.combswrecker.com/,Others
http://www.costdownconsulting.com/,Others
http://www.accountservices.com/,Others
http://www.nolarindustries.com/,Others
https://www.swmintl.com/,Others
https://www.nextenergysolarfund.com/,Others
https://www.seqifund.com/,Others
https://www.synconaltd.com/,Others
https://www.woodplc.com/,Others
https://www.sabreplc.co.uk/,Others
https://www.cta.tech/,Others
https://www.nyse.com/index,Others
https://www2.deloitte.com/uk/en.html,Others
http://www.hunttextiles.com/,Others
https://www.vesuvius.com/en/index.html,Others
https://iocl.com/,Others
http://www.quixotegroup.com/,Others
http://www.adepto.com/,Others
http://measuredsolutions.com/,Others
http://www.dctleathers.com/,Others
http://www.electrosonic.com/,Others
http://www.avistarentals.com/,Others
http://www.photosoundav.com/,Others
http://www.nextwavemedia.com/,Others
http://www.scottygroup.com/,Others
http://www.tradefirst.com/,Others
http://mtmleadership.co.uk/,Others
http://lightningstrikestudios.com/,Others
http://www.script-fix.com/,Others
http://onesourcerelocation.com/,Others
http://www.relocationmoverservices.com/,Others
http://www.writeworks.biz/,Others
http://www.epicurusconsulting.com/,Others
http://www.freelancers.net/,Others
http://www.interchangegroup.com/,Others
http://www.smartdesks.com/,Others
http://www.artbizdesign.com/,Others
https://www.ncr.com/company/blogs/financial,Others
https://www.americanbanker.com/,Others
https://www.starlingbank.com/blog/,Others
https://www.depositaccounts.com/blog/,Others
https://www.columbiabank.com/,Others
https://blog.watrust.com/,Others
https://www.imb.com.au/blog,Others
https://oceanfirst.com/about/blog/,Others
https://www.rocklandtrust.com/welcome-to-rockland-trust,Others
https://www.amalgamatedbank.com/newresource,Others
https://www.chime.com/blog/,Others
https://bankunderground.co.uk/,Others
https://bankingsupport.info/,Others
http://www.whomedigital.com.au/,Others
http://www.whomedigital.com.au/,Others
http://www.scanstar.com/,Others
https://www8.hp.com/in/en/home.html,Others
http://www.gpscheap.com/,Others
http://www.absbattery.com/,Others
http://www.electroshops.com/,Others
http://www.cleanridge.com/,Others
http://www.creativepetgifts.com/,Others
http://www.htmarket.com/,Others
https://thrivemarket.com/web/membership/welcome,Others
http://www.teasingeroticstories.com,Others
http://xxxfuckstories.com/,Others
http://www.sexstories-wives.com/,Others
http://www.1stsexstories.com,Others
http://www9.kinghost.com/fetish/hentaibee/,Others
http://www.geohost.net/adm/zulu/,Others
http://www.little-hooters.com/nude_gallery/gaymale/index.htm,Others
http://www.direct-uk.com,Others
http://www.freepornpasswordsforwomen.com/naked-studs/5index.html,Others
http://www.mypleasure.com,Others
http://www.oldwomen.org/,Others
http://www.webcamslave.com,Others
http://www.buyeuroporn.com/,Others
http://www.analdreamhouse.com/30/03/agecheck/index.html,Others
http://www.world-sex-news.com/,Others
http://www.glassdoor.co.in/,Listings
https://job.com/,Listings
https://www.monsterindia.com/,Listings
https://www.careerbuilder.co.in/,Listings
https://www.joblist.com/,Listings
https://www.ziprecruiter.com/,Listings
https://www.simplyhired.co.in/,Listings
https://www.craigslist.org/,Listings
https://www.linkup.com/,Listings
https://www.roberthalf.com/,Listings
https://www.usajobs.gov/,Listings
https://www.snagajob.com/,Listings
https://www.theladders.com/,Listings
